FIPS,Name,3/7/2020,3/8/2020,3/9/2020,3/10/2020,3/11/2020,3/12/2020,3/13/2020,3/14/2020,3/15/2020,3/16/2020,3/17/2020,3/18/2020,3/19/2020,3/20/2020,3/21/2020,3/22/2020,3/23/2020,3/24/2020,3/25/2020,3/26/2020,3/27/2020,3/28/2020,3/29/2020,3/30/2020,3/31/2020,4/1/2020,4/2/2020,4/3/2020,4/4/2020,4/5/2020,4/6/2020,4/7/2020,4/8/2020,4/9/2020,4/10/2020,4/11/2020,4/12/2020,4/13/2020,4/14/2020,4/15/2020,4/16/2020,4/17/2020,4/18/2020,4/19/2020,4/20/2020,4/21/2020,4/22/2020,4/23/2020,4/24/2020,4/25/2020,4/26/2020,4/27/2020,4/28/2020,4/29/2020,4/30/2020,5/1/2020,5/2/2020,5/3/2020,5/4/2020,5/5/2020,5/6/2020,5/7/2020,5/8/2020,5/9/2020,5/10/2020,5/11/2020,5/12/2020,5/13/2020,5/14/2020,5/15/2020,5/16/2020,5/17/2020,5/18/2020,5/19/2020,5/20/2020,5/21/2020,5/22/2020,5/23/2020,5/24/2020,5/25/2020,5/26/2020,5/27/2020,5/28/2020,5/29/2020,5/30/2020,5/31/2020,6/1/2020,6/2/2020,6/3/2020,6/4/2020,6/5/2020,6/6/2020,6/7/2020,6/8/2020,6/9/2020,6/10/2020,6/11/2020,6/12/2020,6/13/2020,6/14/2020,6/15/2020,6/16/2020,6/17/2020,6/18/2020,6/19/2020,6/20/2020,6/21/2020,6/22/2020,6/23/2020,6/24/2020,6/25/2020,6/26/2020,6/27/2020,6/28/2020,6/29/2020,6/30/2020,7/1/2020,7/2/2020,7/3/2020,7/4/2020,7/5/2020,7/6/2020,7/7/2020,7/8/2020,7/9/2020,7/10/2020,7/11/2020,7/12/2020,7/13/2020,7/14/2020,7/15/2020,7/16/2020,7/17/2020,7/18/2020,7/19/2020,7/20/2020,7/21/2020,7/22/2020,7/23/2020
00156,Abington township,0,0,0,0,0,0,0,0,0,0,0,0,3,0,4,6,2,2,7,7,3,1,7,1,1,7,6,6,6,12,9,11,7,14,6,9,7,6,7,3,6,20,7,17,8,10,8,20,10,18,0,0,13,13,8,4,14,4,1,2,18,4,7,4,0,7,2,1,7,4,3,4,2,6,7,12,11,2,2,2,6,4,11,2,3,0,11,2,8,7,9,3,3,12,2,3,9,3,2,0,1,4,1,1,5,2,4,0,2,1,5,6,1,2,2,0,1,5,3,0,5,9,4,1,3,6,2,2,2,4,6,4,5,1,3,1,3,1,6
02264,Ambler borough,0,0,0,0,0,0,0,0,0,0,0,0,0,0,0,0,0,1,4,0,1,0,2,1,1,4,1,1,0,1,11,3,2,5,3,0,2,2,2,0,0,4,0,3,5,2,1,5,2,5,0,0,0,1,0,1,5,1,1,2,4,0,0,0,0,0,1,0,1,2,0,1,1,1,1,1,1,3,1,2,1,0,2,1,0,2,0,3,0,0,1,0,1,2,0,3,3,1,1,1,0,2,1,1,1,8,1,0,0,3,1,1,0,0,0,0,0,1,0,0,0,0,1,0,0,0,0,0,0,0,0,0,1,0,0,0,0,0,1
08568,Bridgeport borough,0,0,0,0,0,0,0,0,0,0,0,0,0,0,0,0,0,0,0,0,0,0,0,0,0,2,0,2,0,0,0,0,1,1,0,0,0,1,1,0,0,2,1,0,0,0,1,0,1,0,0,0,1,0,0,0,1,1,1,1,2,1,0,0,0,1,1,1,1,2,1,0,1,2,1,2,1,0,0,0,0,0,1,0,0,0,1,0,0,0,0,0,0,0,1,0,1,0,0,0,0,0,0,0,0,0,0,0,0,0,0,0,0,0,0,0,0,0,1,0,0,0,0,0,0,0,0,0,1,0,0,1,0,2,0,0,0,0,0
09696,Bryn Athyn borough,0,0,0,0,0,0,0,0,0,0,0,0,0,0,0,0,0,0,0,0,0,0,0,0,0,0,0,0,0,0,0,0,0,0,0,0,0,0,0,0,0,0,0,0,0,0,0,0,0,0,0,0,0,0,0,0,0,0,0,0,0,0,0,0,0,0,0,0,0,0,0,0,0,0,0,0,0,0,0,0,0,0,0,0,0,0,0,0,0,0,0,0,0,0,0,0,0,0,0,0,0,0,0,0,0,0,0,0,0,0,0,0,0,0,0,0,0,0,0,0,0,0,0,0,0,0,0,0,0,0,0,0,0,0,0,0,0,0,0
12968,Cheltenham township,0,1,0,0,0,0,0,0,0,0,0,2,2,1,3,2,3,4,7,3,2,1,4,3,3,13,5,8,7,9,14,7,5,15,4,3,5,25,4,19,8,15,5,11,7,9,5,10,3,9,19,2,8,13,16,11,4,2,1,13,5,15,2,5,0,2,2,41,8,1,1,4,1,7,2,8,1,3,0,1,3,1,2,1,2,0,2,1,1,1,2,2,3,4,1,0,9,2,0,0,3,2,3,7,0,0,0,0,1,2,1,3,1,3,1,1,2,3,4,0,1,4,4,0,2,1,3,1,1,3,1,3,3,3,1,5,1,8,10
15192,Collegeville borough,0,0,0,0,0,2,0,0,0,0,0,0,0,0,0,0,0,1,0,0,0,0,1,0,0,1,0,0,0,0,1,1,0,0,0,0,0,0,0,0,1,0,0,0,0,0,0,1,0,0,0,0,1,0,0,0,0,0,0,0,0,0,0,0,1,0,0,0,0,1,0,0,0,0,0,0,0,0,1,0,1,1,0,0,0,0,0,0,0,1,0,0,0,0,0,0,0,0,0,0,0,0,0,0,0,0,0,0,0,0,0,0,0,0,1,0,0,0,0,0,0,0,1,0,0,0,0,0,3,0,0,1,0,1,0,1,2,0,1
15848,Conshohocken borough,0,0,0,0,1,0,0,0,0,0,0,0,0,0,0,0,0,2,2,0,1,0,0,0,0,2,1,0,0,1,0,1,0,2,0,1,1,0,0,0,0,1,3,4,0,1,0,0,0,1,0,0,1,1,0,1,0,0,0,1,0,1,0,0,0,0,1,0,0,0,1,0,0,2,1,0,0,0,2,1,0,0,0,0,0,0,0,0,0,0,1,0,0,0,0,0,0,1,0,1,0,0,0,1,0,0,0,0,0,0,0,1,0,1,0,0,0,0,0,0,0,0,0,0,0,0,0,1,0,0,0,1,0,1,1,0,0,1,0
19672,Douglass township,0,0,0,0,0,0,1,0,0,0,0,0,0,0,0,0,0,0,0,0,0,0,1,0,1,0,0,0,3,0,0,0,1,2,1,0,0,0,0,0,2,0,0,0,0,1,0,2,3,3,0,0,0,1,1,1,0,0,0,1,0,0,0,0,0,0,0,1,0,1,0,1,0,0,0,0,1,0,0,0,0,1,2,1,0,1,1,0,0,1,2,0,0,1,0,0,1,0,0,0,0,0,1,0,0,0,0,0,0,0,0,0,0,1,0,0,1,0,0,0,0,0,0,1,0,1,0,0,0,1,0,0,0,0,0,0,0,0,0
21200,East Greenville borough,0,0,0,0,0,0,0,0,0,0,0,0,0,0,0,0,0,0,0,0,0,0,0,0,0,0,0,0,0,1,0,1,0,0,0,1,1,1,0,0,0,0,0,0,0,0,0,0,0,0,1,0,1,1,0,0,0,3,0,0,0,0,0,0,0,0,0,0,0,0,0,0,0,0,0,0,0,0,1,0,0,0,0,0,0,0,1,0,0,0,0,0,0,0,0,0,0,0,0,0,0,0,0,0,0,0,0,0,0,0,1,0,0,0,0,1,0,0,1,0,0,0,0,0,0,0,0,0,0,0,0,0,0,0,0,0,0,0,0
21600,East Norriton township,0,0,0,0,0,0,0,1,0,0,0,1,0,0,0,0,1,1,1,1,0,0,0,2,0,1,2,0,5,1,3,0,2,2,3,1,3,2,0,3,0,2,4,6,3,3,7,2,0,5,1,4,5,7,2,1,1,0,2,2,2,1,1,5,3,2,5,3,5,4,1,0,1,5,3,1,13,2,0,0,4,2,3,9,2,1,3,2,1,12,5,6,2,0,2,2,0,1,1,1,0,0,5,1,2,3,2,0,2,1,4,2,2,1,2,2,1,0,0,0,4,2,1,0,3,1,0,1,0,2,0,0,0,7,2,0,1,1,2
27280,Franconia township,0,0,0,0,0,0,0,0,0,0,0,0,0,0,0,0,0,0,0,0,1,0,0,2,1,1,1,1,1,1,2,0,1,2,0,0,1,2,0,1,0,1,1,1,0,2,1,1,4,0,0,0,1,0,1,0,1,22,1,1,0,1,1,0,0,0,0,4,4,1,0,2,1,0,1,0,0,0,0,0,0,0,0,2,0,0,1,0,1,1,0,0,1,0,1,1,2,0,0,2,1,0,0,0,0,0,0,0,0,0,0,0,0,1,0,0,1,0,0,0,2,0,0,0,0,0,0,0,0,0,0,0,0,1,0,0,1,0,1
31088,Green Lane borough,0,0,0,0,0,0,0,0,0,0,0,0,0,0,0,0,0,0,0,0,0,0,0,0,0,0,0,0,0,1,0,0,0,0,0,1,0,0,0,0,0,0,0,0,0,0,0,0,0,0,0,0,0,0,0,1,0,0,0,0,0,0,0,0,0,0,0,0,0,0,0,0,0,0,0,0,0,0,0,0,0,0,0,0,0,0,0,0,0,0,0,0,0,0,0,0,0,0,0,0,0,0,0,0,0,0,0,0,0,0,0,0,0,0,0,0,0,0,0,0,0,0,0,0,0,0,0,0,0,0,0,0,0,0,0,0,0,0,0
33088,Hatboro borough,0,0,0,0,0,0,0,0,0,0,0,0,0,0,0,0,0,0,0,1,0,0,0,0,0,0,2,1,1,1,0,1,1,0,0,0,0,0,0,0,0,1,2,0,1,0,2,0,0,0,0,1,2,0,0,1,0,0,0,0,0,0,1,0,0,0,0,0,0,1,0,1,0,1,0,1,1,1,1,0,1,0,0,0,0,0,0,0,1,0,1,0,0,0,0,1,1,0,1,0,0,0,0,0,1,0,0,0,0,0,0,1,0,0,0,1,0,0,0,0,0,0,0,0,0,0,0,0,0,0,0,0,1,0,0,0,0,0,1
33112,Hatfield borough,0,0,0,0,0,0,0,0,0,0,0,0,0,0,0,0,0,0,0,0,0,0,0,0,0,0,1,1,0,2,3,0,0,1,0,0,0,0,3,0,0,2,0,1,0,1,0,0,0,1,1,1,1,0,0,0,0,0,0,0,0,0,0,0,0,0,0,1,0,0,0,0,2,0,0,0,0,0,0,0,0,1,0,0,1,0,0,1,0,2,2,0,0,2,0,1,2,1,0,0,1,0,0,0,0,0,0,0,0,0,0,0,0,0,0,0,0,0,0,0,0,0,0,0,0,0,0,0,0,0,0,0,0,0,0,0,0,0,0
33120,Hatfield township,0,0,0,0,0,0,0,0,0,0,0,0,0,0,0,0,0,0,2,0,1,0,5,0,1,1,2,0,6,4,8,7,5,3,10,2,2,4,2,5,2,8,3,4,1,4,2,2,2,1,0,0,3,1,2,6,2,0,2,0,1,0,1,0,1,0,0,0,2,0,0,0,1,4,1,3,2,2,0,2,1,0,2,0,1,0,1,5,0,0,2,0,0,3,0,2,1,0,0,1,0,2,0,3,0,0,0,0,0,0,0,3,1,0,1,0,0,2,0,0,1,1,0,0,1,0,0,0,1,0,2,0,0,1,0,1,0,0,1
35808,Horsham township,0,0,0,0,0,0,0,0,0,0,0,0,0,0,1,0,0,0,4,2,1,0,3,1,0,5,3,6,3,5,6,3,4,7,1,1,1,4,3,4,0,7,1,11,2,2,6,3,2,1,2,2,5,4,7,0,2,0,2,0,1,1,2,0,0,0,0,0,0,1,2,1,1,2,3,0,5,1,0,0,5,2,7,1,1,0,2,3,8,3,9,0,0,8,1,0,6,1,0,2,0,2,1,2,0,2,0,0,2,1,0,3,0,1,0,1,1,0,1,0,3,2,4,1,0,2,0,0,0,2,1,1,0,2,3,1,2,0,3
38000,Jenkintown borough,0,0,0,0,0,0,0,0,0,0,0,0,0,0,0,0,0,0,1,1,1,0,0,2,0,1,1,2,1,0,1,0,1,2,0,0,0,1,0,1,1,1,1,0,1,2,1,0,0,0,0,0,0,2,0,0,0,0,0,0,0,0,0,0,0,0,0,1,1,0,0,0,0,0,0,0,1,0,0,0,1,0,0,0,0,0,0,0,0,0,0,0,0,0,0,0,0,0,0,0,0,0,0,0,0,0,0,0,0,0,0,0,0,0,0,0,0,0,0,0,0,0,0,0,1,0,0,0,0,0,0,0,0,0,0,0,0,0,1
41432,Lansdale borough,0,0,0,0,0,0,0,0,0,0,0,0,0,0,0,0,0,1,0,3,0,0,0,1,0,5,0,1,2,6,5,2,1,0,0,2,0,4,0,1,1,2,0,2,0,3,5,9,5,2,0,3,7,6,5,5,2,3,3,2,6,6,1,1,0,18,1,11,2,3,0,10,1,3,7,1,7,2,1,1,4,8,7,2,1,1,2,3,0,5,4,1,1,4,1,0,5,0,0,1,0,1,0,1,1,0,0,0,0,2,1,5,0,0,1,0,0,0,2,0,1,0,2,0,0,0,1,1,0,2,0,0,1,0,0,0,0,1,1
43312,Limerick township,0,0,0,0,0,0,0,0,1,0,0,0,0,0,1,0,1,1,3,1,0,0,0,0,0,2,1,2,2,0,0,2,1,2,0,0,1,0,0,1,5,4,3,3,0,0,0,2,0,1,0,1,1,1,2,2,0,1,0,3,0,1,2,0,0,1,0,1,2,2,1,1,1,3,2,2,2,2,1,0,2,0,1,3,1,1,0,2,0,0,0,2,1,1,3,0,0,0,0,0,0,0,1,0,0,0,0,0,2,1,0,0,0,0,0,0,0,0,0,0,0,0,0,1,1,1,0,0,0,1,0,0,0,0,0,3,2,3,0
44912,Lower Frederick township,0,0,0,0,0,0,0,0,0,0,0,0,0,0,0,0,0,0,0,0,0,0,0,0,0,0,0,0,1,0,0,0,0,1,1,0,0,0,0,1,0,0,0,0,0,0,0,1,0,1,0,0,0,0,1,0,1,0,1,0,0,1,1,0,0,0,0,1,0,1,0,0,0,1,2,2,0,1,0,0,0,0,0,0,2,0,0,0,0,0,0,0,0,0,0,0,0,0,0,0,0,0,0,1,0,0,0,0,0,0,0,0,0,0,1,0,0,0,0,0,2,0,0,0,0,0,0,0,0,0,0,1,0,0,0,0,1,1,1
44920,Lower Gwynedd township,0,0,1,0,0,0,0,0,0,0,0,0,0,0,1,0,1,0,3,2,0,1,0,0,0,0,2,1,5,4,7,3,5,3,4,3,2,1,2,4,0,4,2,3,1,0,1,2,1,2,3,0,2,1,3,2,7,9,0,3,4,5,0,2,0,0,2,1,4,3,1,1,0,0,3,5,2,0,1,0,2,2,0,0,0,0,0,2,1,0,1,0,0,4,0,1,1,1,0,2,0,0,0,0,0,0,0,0,0,0,0,1,0,0,3,1,1,1,0,0,0,0,1,0,0,0,0,1,1,1,0,1,3,1,0,0,0,0,3
44976,Lower Merion township,2,0,0,0,2,0,0,2,0,0,2,1,3,5,12,5,1,12,12,8,3,8,15,13,3,10,4,11,9,13,10,5,7,17,10,13,7,8,17,9,7,15,9,5,3,5,3,13,3,8,6,7,5,9,10,6,4,2,3,12,4,7,13,6,2,7,14,10,15,9,11,12,3,4,6,5,3,5,4,2,0,3,4,3,4,0,5,4,3,2,7,3,3,2,0,1,3,3,0,1,1,2,1,2,0,3,1,0,1,1,0,1,0,2,0,0,7,3,2,0,2,2,3,2,5,2,1,1,5,6,2,4,7,4,1,5,7,0,4
45008,Lower Moreland township,0,0,0,0,0,0,0,0,1,0,0,3,1,0,0,1,0,1,2,1,3,0,2,2,1,2,0,3,1,4,4,1,1,3,2,2,3,3,1,1,2,5,0,4,1,1,2,3,1,2,3,1,2,2,3,0,0,1,1,1,1,0,0,1,0,1,0,2,4,3,0,3,2,1,2,1,1,0,0,1,2,3,0,9,0,2,3,1,2,1,2,1,0,2,3,0,0,0,0,2,0,0,0,2,0,1,1,0,6,4,10,5,4,4,3,7,1,5,0,0,1,5,4,3,0,0,0,2,0,2,1,3,1,0,0,2,0,0,2
45072,Lower Pottsgrove township,0,0,0,0,0,0,0,0,0,0,1,0,0,0,0,0,0,1,0,0,0,0,0,2,0,0,0,0,0,2,0,1,1,0,0,0,1,0,0,0,1,3,2,2,2,3,2,0,1,1,0,2,1,1,1,2,0,0,0,0,0,1,1,1,0,0,0,1,0,0,0,2,0,1,0,1,0,1,0,0,1,0,0,0,0,0,0,0,0,0,0,0,0,0,1,0,0,0,0,1,0,0,0,0,0,1,0,0,0,0,0,1,0,2,0,0,0,1,0,0,0,0,0,0,1,0,1,0,0,0,0,1,0,1,0,1,0,0,0
45080,Lower Providence township,0,0,0,0,0,0,1,1,2,2,1,3,0,1,3,2,1,4,4,2,1,0,0,1,0,6,1,3,2,3,2,2,1,1,3,2,3,2,0,0,4,3,3,7,1,1,4,2,3,3,1,121,42,11,4,0,7,5,6,4,2,3,2,0,1,4,2,4,3,4,0,0,3,5,2,1,4,2,1,1,75,9,2,0,1,1,6,2,7,4,1,1,1,4,2,2,0,1,1,1,0,1,0,0,0,0,0,0,0,2,0,1,0,0,1,2,0,2,0,0,1,0,0,1,1,0,3,0,0,1,1,2,2,1,2,3,5,0,7
45096,Lower Salford township,0,0,0,0,0,0,0,0,0,1,0,0,0,0,0,0,0,1,0,2,0,1,0,2,0,2,2,0,1,5,5,3,1,0,0,2,0,1,0,1,1,3,1,0,0,1,1,0,1,0,1,2,0,1,2,0,1,1,1,1,1,1,3,1,0,0,0,1,0,1,0,1,1,1,0,1,1,1,1,0,0,0,1,0,0,0,3,0,0,0,0,0,0,0,0,0,4,0,1,0,0,1,0,0,1,0,0,0,0,0,2,0,0,1,0,1,0,0,0,0,2,1,0,2,0,0,0,1,0,0,0,0,0,1,0,0,1,1,0
47592,Marlborough township,0,0,0,0,0,0,0,0,0,0,0,0,0,0,0,0,0,0,0,0,0,2,0,0,0,0,0,1,0,1,0,0,0,1,0,0,0,0,0,0,0,0,0,0,0,0,0,1,0,0,0,0,0,0,0,0,0,0,0,0,0,0,0,0,0,0,0,0,0,0,0,0,1,0,0,0,0,0,0,0,0,0,0,0,0,0,0,0,0,0,0,0,0,0,0,0,0,0,0,0,1,0,0,0,0,0,0,0,0,0,0,0,0,1,0,0,0,0,0,0,0,0,0,0,0,0,0,0,0,0,0,0,0,0,0,0,0,0,2
50640,Montgomery township,0,0,0,0,0,0,0,0,0,0,1,0,0,0,1,0,0,1,2,1,2,1,1,1,0,3,2,3,2,4,4,5,3,6,1,7,3,0,5,8,5,7,1,12,1,1,3,0,2,2,1,0,2,3,1,0,0,1,0,0,5,1,0,2,1,63,1,1,1,2,0,0,1,0,0,2,2,2,0,0,0,2,0,1,0,2,1,0,1,0,1,1,2,0,2,1,2,0,1,0,0,0,0,1,0,1,1,1,0,1,2,3,1,0,0,0,0,0,1,0,0,0,2,0,0,2,2,0,0,0,0,2,1,1,0,1,0,0,1
52664,Narberth borough,0,0,0,0,0,0,0,0,0,0,0,0,0,0,0,1,0,0,1,0,0,0,0,0,0,0,1,0,0,0,0,0,0,2,0,1,0,0,0,0,1,1,0,0,2,1,3,0,0,0,1,0,0,0,0,0,0,0,0,0,1,0,0,0,0,0,0,0,0,0,0,0,0,0,1,0,1,0,0,0,0,0,0,0,0,0,0,0,0,0,0,0,0,0,0,2,0,0,0,0,0,0,0,0,0,0,1,0,0,0,0,0,0,0,0,0,0,0,0,0,0,0,0,2,0,0,0,0,0,0,0,0,0,0,0,0,0,0,0
53664,New Hanover township,0,0,0,0,0,0,0,0,1,0,0,0,1,0,0,0,0,0,0,0,0,0,1,2,0,1,0,0,2,4,1,0,0,0,0,2,1,0,0,0,0,3,1,0,0,1,0,1,0,2,0,1,0,0,0,1,1,0,0,0,0,0,0,0,0,0,0,0,0,1,0,2,1,0,0,1,0,1,0,0,0,0,1,0,0,0,0,1,0,1,0,0,0,1,0,0,0,0,0,1,0,0,1,0,0,0,0,0,0,0,0,0,0,0,0,0,0,0,0,0,3,0,0,0,0,0,0,0,0,0,2,1,0,0,0,0,0,0,0
54656,Norristown borough,0,0,0,0,0,0,0,0,0,0,0,0,0,0,0,0,0,0,3,1,0,0,2,0,1,1,4,6,5,3,10,6,8,7,12,7,3,5,1,4,10,18,13,13,9,9,11,16,14,8,5,3,14,24,8,8,13,11,3,11,18,18,10,28,3,6,36,14,30,25,27,23,12,27,15,26,33,7,13,3,20,26,18,31,16,16,24,32,7,26,20,7,10,9,15,13,7,8,6,9,3,1,4,9,4,1,2,2,2,14,8,5,3,0,5,4,0,3,1,0,3,1,6,0,1,2,0,2,6,6,0,7,1,3,0,1,5,1,3
55512,North Wales borough,0,0,0,0,0,0,0,0,0,0,0,0,0,0,0,0,0,0,0,0,0,0,1,0,0,0,0,0,0,0,0,0,1,1,0,0,0,0,0,0,0,1,0,0,1,0,0,0,1,0,1,1,1,0,0,0,0,1,0,1,0,0,0,0,0,0,0,0,0,0,0,0,0,0,0,0,0,0,0,0,0,0,0,0,0,0,1,1,0,1,1,0,0,0,1,0,0,0,0,0,0,0,0,1,0,0,0,0,0,0,0,1,0,0,0,0,0,0,0,0,0,0,0,1,0,0,0,0,0,1,0,0,0,0,0,0,0,1,2
59120,Pennsburg borough,0,0,0,0,0,0,0,0,0,0,0,0,0,0,0,0,0,0,0,0,0,0,0,0,0,0,0,0,0,0,0,0,0,1,0,0,0,0,0,0,0,0,0,0,0,0,0,1,0,0,0,0,0,0,0,0,0,0,0,0,0,0,0,0,1,0,0,0,0,0,0,0,0,0,0,0,0,1,0,0,0,1,0,0,0,0,0,0,0,0,0,0,0,0,0,0,0,0,0,0,0,1,0,0,0,0,1,1,0,0,6,0,2,0,1,11,1,1,3,0,0,0,0,0,0,1,0,1,0,0,0,0,0,0,0,1,0,0,1
59392,Perkiomen township,0,0,0,1,0,0,1,0,0,0,1,0,0,0,0,1,0,0,0,0,1,0,2,0,1,4,0,1,1,1,0,0,1,0,0,0,1,1,0,0,1,0,2,0,0,0,1,1,0,0,0,1,1,0,0,0,0,1,0,0,0,2,0,0,0,0,1,1,1,2,0,1,0,0,0,0,0,1,0,0,0,0,1,0,1,0,0,1,0,0,0,0,0,0,0,0,0,0,0,1,0,0,0,0,0,0,0,0,0,0,0,0,1,1,0,0,0,0,0,0,0,1,0,0,0,2,1,0,0,4,0,0,0,1,1,0,0,0,0
61664,Plymouth township,0,0,0,0,0,0,0,0,0,0,0,1,0,0,0,0,1,4,2,1,0,0,3,1,0,2,5,2,1,6,3,2,3,6,3,1,2,0,0,6,2,0,3,4,3,1,2,1,2,1,1,0,2,3,0,0,2,1,0,0,0,0,0,0,0,1,2,0,2,2,0,3,1,2,1,3,1,1,2,0,1,1,0,1,1,1,2,3,0,2,0,1,1,1,0,2,2,0,0,0,0,0,0,0,0,0,0,0,2,1,0,0,1,0,0,1,4,1,0,0,0,0,0,0,1,0,0,0,1,1,2,2,2,3,0,2,1,0,1
62416,Pottstown borough,0,0,0,0,0,0,0,0,0,0,0,0,0,0,1,0,1,2,0,1,0,0,0,4,0,1,0,3,0,3,3,3,1,7,5,1,6,0,0,0,3,3,2,3,1,4,3,2,2,0,0,1,0,3,0,3,0,1,3,4,2,2,2,2,0,3,4,1,2,1,1,2,1,1,1,3,0,2,1,0,1,0,0,2,2,0,1,2,2,1,1,1,0,1,0,1,0,2,2,0,0,1,0,0,3,0,1,0,4,3,0,5,1,1,2,2,0,1,0,0,0,1,0,0,0,0,0,2,0,1,1,3,0,0,3,1,1,2,1
63808,Red Hill borough,0,0,0,0,0,0,0,0,0,0,0,0,0,0,0,0,0,0,0,0,0,0,0,0,0,1,0,0,0,0,0,0,0,0,0,1,0,1,0,0,0,1,0,0,0,0,0,0,0,0,0,0,0,0,0,0,0,0,0,0,0,0,0,0,0,0,0,0,0,0,0,0,0,0,0,0,0,0,0,0,0,0,0,0,0,0,0,0,0,0,0,0,0,0,0,1,0,0,1,0,0,0,1,0,0,0,0,0,0,0,0,0,0,0,0,0,0,0,0,0,0,0,0,0,0,0,0,0,0,0,0,0,0,0,0,0,0,0,0
65568,Rockledge borough,0,0,0,0,0,0,0,0,0,0,0,0,0,0,0,0,0,0,0,0,0,0,0,0,1,0,0,2,0,1,1,0,0,0,0,0,0,0,0,0,0,1,1,0,0,0,0,0,0,1,1,0,0,0,1,1,0,0,0,0,0,0,1,1,1,1,0,0,0,0,0,0,0,0,0,1,0,0,0,0,0,0,0,0,0,0,0,0,0,0,0,0,0,0,0,0,0,1,0,0,0,0,0,0,0,0,0,0,0,0,0,0,0,0,0,0,0,0,0,0,0,0,0,0,0,0,0,0,0,0,0,0,0,0,0,0,0,0,0
66576,Royersford borough,0,0,0,0,0,0,0,0,0,0,1,0,0,0,0,0,0,0,0,0,0,0,0,0,0,1,1,0,0,1,0,0,2,1,0,1,0,0,0,0,0,1,0,0,0,0,0,2,0,0,2,1,0,2,0,0,0,0,0,0,0,0,0,1,0,0,0,0,0,2,1,1,0,2,1,0,0,0,0,0,0,0,0,0,0,0,1,0,0,0,0,0,0,0,1,1,0,0,0,0,0,0,0,2,0,0,0,0,1,0,0,1,0,0,0,1,0,1,1,0,0,0,0,0,1,0,0,0,0,0,0,0,0,0,0,0,1,0,0
67528,Salford township,0,0,0,0,0,0,0,0,0,0,0,0,0,0,0,0,0,0,0,1,0,0,0,0,0,0,0,0,0,0,0,0,0,0,1,0,0,0,0,0,0,0,0,1,1,0,2,1,0,2,0,0,0,1,0,0,0,0,0,0,0,0,0,0,0,0,0,0,0,1,0,0,0,0,0,0,0,0,0,0,0,0,0,0,0,0,0,0,1,0,0,0,0,0,0,0,0,0,0,0,0,0,0,0,0,0,0,1,0,0,0,1,0,0,0,0,0,0,0,0,0,0,0,0,0,0,0,0,0,0,0,0,0,0,0,0,0,0,0
68328,Schwenksville borough,0,0,0,0,0,0,0,0,0,0,0,0,0,0,0,0,0,1,1,0,0,0,0,0,0,0,0,0,0,0,0,0,0,0,0,0,0,0,0,0,0,1,0,0,0,1,0,0,1,0,0,0,0,0,2,0,0,0,0,0,0,0,0,1,0,0,0,0,0,0,0,0,0,1,0,0,0,1,0,0,0,0,0,0,0,0,0,0,0,0,0,0,0,0,0,0,0,0,0,0,0,0,0,0,0,0,0,0,0,0,0,0,0,0,0,0,0,0,0,0,0,0,0,0,0,1,0,0,0,0,0,2,0,0,1,0,0,0,0
71016,Skippack township,0,0,0,0,1,2,0,0,0,0,0,0,0,0,0,0,0,0,0,3,0,1,1,1,1,0,0,1,0,1,2,2,0,2,3,1,1,0,0,2,1,5,2,0,0,2,2,0,2,0,0,0,1,2,0,1,0,0,0,0,1,0,1,3,0,1,0,2,1,0,0,0,0,1,0,0,1,0,0,0,0,0,0,0,0,0,0,0,0,0,0,0,0,0,0,0,1,1,0,0,0,0,0,2,1,3,0,0,0,0,1,1,1,0,1,0,1,0,0,0,2,0,1,2,7,5,4,0,3,2,2,5,2,3,1,0,2,0,2
71856,Souderton borough,0,0,0,0,0,0,0,0,0,0,0,0,0,0,0,0,0,0,2,1,0,2,1,0,0,3,1,3,3,2,3,2,3,4,1,1,0,0,3,2,0,0,1,3,1,5,1,0,0,0,0,0,0,1,3,0,0,0,0,0,3,2,1,0,0,1,0,0,1,3,0,0,3,0,3,1,1,1,0,0,1,0,1,0,1,0,2,0,1,0,1,0,0,0,0,1,0,1,2,1,0,0,0,1,0,0,0,0,0,0,0,0,0,0,0,0,0,0,0,0,2,0,1,0,0,0,0,0,0,1,0,1,0,0,0,0,0,1,1
73088,Springfield township,0,0,0,0,0,0,0,0,0,0,1,0,1,0,0,0,1,6,2,1,1,0,6,3,7,3,1,3,9,7,9,6,5,31,22,14,9,8,7,7,21,14,13,18,3,6,11,17,12,14,7,10,16,16,13,2,2,1,1,17,7,8,2,8,1,2,8,18,4,19,0,2,2,3,4,3,7,1,0,0,1,5,2,1,2,0,6,3,2,2,1,0,1,1,3,2,0,1,0,1,0,3,0,0,5,1,1,14,0,1,4,3,0,0,1,1,2,3,0,0,1,2,1,2,1,0,0,0,0,1,2,1,0,0,3,0,1,1,2
76304,Telford borough,0,0,0,0,0,0,0,0,0,0,0,0,0,0,0,0,0,0,0,0,0,0,1,1,1,0,0,1,1,2,3,0,0,5,2,0,1,2,0,0,0,1,0,0,0,0,0,1,0,1,0,0,0,1,1,0,0,0,0,0,0,0,1,0,0,0,1,0,0,0,1,0,0,0,0,0,0,0,0,0,0,0,0,0,1,0,1,2,0,0,0,0,0,0,0,0,1,0,0,0,0,0,0,0,0,1,0,0,0,0,0,2,0,1,0,0,0,0,0,0,0,0,0,0,0,2,0,0,0,0,0,0,0,0,0,0,0,0,0
77152,Towamencin township,0,0,0,0,0,0,0,0,0,0,0,0,0,0,0,2,0,1,0,1,0,0,0,1,0,0,4,0,0,1,0,1,5,1,1,0,1,0,0,1,1,2,10,2,1,4,1,1,1,2,1,2,1,4,0,0,3,1,1,29,0,0,0,1,0,1,1,0,0,2,7,1,1,0,4,0,0,0,0,1,1,2,0,5,1,0,0,0,2,0,0,0,0,2,0,0,1,0,0,0,0,1,0,0,0,0,2,1,0,1,0,0,0,0,1,0,0,1,1,0,0,0,0,1,1,0,0,0,1,0,1,1,1,0,0,1,1,1,0
77304,Trappe borough,0,0,0,0,0,0,0,0,0,0,0,0,0,0,0,0,0,1,0,0,0,0,0,0,0,0,1,0,1,1,2,0,0,1,1,0,1,1,0,0,0,0,0,0,0,1,0,2,0,2,0,0,0,0,0,0,0,0,0,0,0,0,0,0,0,0,0,0,0,2,0,1,0,0,1,1,0,1,0,0,0,1,0,0,1,0,0,3,0,0,0,0,0,0,0,0,0,0,0,0,0,0,0,0,0,0,0,0,0,0,0,0,0,0,0,2,0,0,0,0,0,0,1,0,0,0,0,0,1,0,1,0,0,0,0,0,1,1,2
79008,Upper Dublin township,0,0,0,0,0,0,0,0,0,0,0,0,0,1,1,1,2,2,6,1,1,2,2,1,0,6,3,3,0,8,3,1,4,2,0,1,1,2,2,3,0,5,4,8,4,2,0,2,0,1,0,1,3,3,1,1,3,0,0,1,2,2,1,0,0,24,2,7,2,3,0,0,1,2,2,2,1,0,1,0,0,0,1,1,1,0,0,3,0,3,0,0,1,2,2,0,1,0,0,2,0,1,1,2,0,0,1,0,5,1,0,0,1,1,1,0,1,1,1,0,0,0,1,0,0,1,1,0,0,5,0,2,1,1,0,0,1,2,2
79040,Upper Frederick township,0,0,0,0,0,0,0,0,0,0,0,0,0,0,0,1,1,0,1,0,0,0,0,0,0,1,0,0,0,0,0,0,0,0,0,0,1,0,0,0,0,0,0,0,0,0,0,0,0,0,0,0,0,0,0,0,0,0,0,0,0,0,0,0,0,0,0,0,0,0,0,0,0,0,0,0,1,0,0,0,0,0,0,0,0,0,0,1,0,0,0,0,0,0,1,0,1,0,0,0,1,0,0,0,0,0,0,0,0,0,0,0,0,0,0,0,0,0,0,0,0,0,0,0,0,0,0,0,0,0,0,0,0,0,0,0,0,0,0
79056,Upper Gwynedd township,0,0,0,0,0,0,0,0,0,0,0,0,0,0,0,0,1,1,2,0,1,0,0,0,1,3,2,6,5,2,3,7,7,6,2,0,2,3,0,2,2,0,1,5,1,1,1,2,0,2,0,2,1,2,1,0,3,0,1,0,2,2,0,1,1,1,0,3,0,3,0,3,2,0,0,0,3,0,0,0,1,1,0,1,0,1,3,1,1,0,3,0,0,1,4,2,1,0,0,1,0,1,0,1,0,0,0,0,0,0,2,3,0,0,0,3,0,0,0,0,0,0,2,0,0,1,0,0,0,0,0,0,0,2,1,0,1,0,1
79064,Upper Hanover township,0,0,0,0,0,0,0,0,0,0,0,0,0,0,0,0,0,0,1,0,0,0,1,1,0,0,0,2,0,1,1,0,0,0,0,0,1,0,0,1,0,0,0,2,0,0,0,1,0,0,0,1,0,0,0,1,1,0,0,0,0,0,0,0,0,0,0,0,0,0,0,0,0,0,1,2,1,0,0,0,0,0,0,0,1,0,0,0,0,0,0,0,0,0,0,0,0,0,0,0,0,0,0,0,0,0,0,0,0,0,0,0,0,0,1,0,0,0,0,0,0,0,0,0,0,1,0,0,0,1,0,0,0,0,0,0,0,0,0
79136,Upper Merion township,0,2,0,0,0,0,0,0,0,0,0,0,1,0,1,1,2,2,1,3,1,2,3,0,0,3,0,5,0,4,4,5,2,2,2,8,3,0,2,2,3,7,2,2,0,4,2,3,0,3,4,2,4,2,0,2,2,4,2,0,1,3,1,2,0,1,8,2,1,1,4,6,1,3,5,5,4,1,0,1,3,4,1,1,0,0,0,3,1,2,2,2,1,1,0,0,0,0,0,0,0,0,0,0,1,1,0,1,2,0,3,0,0,0,0,3,0,2,1,0,0,0,0,0,4,1,1,1,3,2,1,1,0,1,2,2,6,2,1
79176,Upper Moreland township,0,0,0,0,0,0,0,0,0,0,0,0,0,0,1,0,1,0,2,0,2,2,2,1,1,7,2,8,7,6,4,6,1,6,6,6,4,4,9,2,4,7,2,9,3,3,6,6,6,3,2,2,5,3,1,2,2,2,2,0,1,0,3,2,1,1,2,2,3,23,1,2,2,4,4,1,2,0,0,2,0,4,3,4,1,0,3,1,7,2,0,0,0,2,1,0,3,0,0,0,0,1,1,1,0,1,0,2,1,1,0,2,0,2,0,1,1,3,1,0,0,3,2,0,2,0,0,1,0,1,1,1,0,1,2,2,0,1,0
79240,Upper Pottsgrove township,0,0,0,0,0,0,0,0,0,0,0,0,0,0,0,0,0,0,1,0,0,0,0,0,0,0,0,0,0,0,0,0,0,0,0,0,2,0,1,0,2,0,0,0,0,0,0,1,0,3,0,0,1,1,0,0,0,0,0,0,0,1,0,1,0,0,1,0,1,0,0,2,0,0,0,0,0,0,0,0,0,0,1,0,0,0,1,0,0,0,0,0,0,0,0,0,0,0,0,0,0,1,0,0,0,0,0,0,0,0,0,0,0,0,0,1,0,0,0,0,0,1,0,0,0,1,0,0,0,0,0,0,1,0,1,0,0,0,0
79256,Upper Providence township,0,0,0,0,0,0,0,0,0,1,0,0,0,0,0,0,2,1,6,1,1,0,0,1,0,3,2,5,3,1,2,3,1,11,4,4,8,0,0,11,6,6,0,3,0,2,10,17,1,7,10,0,3,5,5,3,5,2,1,3,1,0,5,1,0,2,0,1,1,1,0,0,0,1,1,1,1,2,0,0,0,1,0,1,2,1,2,1,0,0,0,0,0,0,0,0,0,1,1,2,1,0,1,1,0,0,0,0,2,0,0,0,0,0,0,0,1,1,1,1,1,1,1,1,0,1,1,0,1,1,1,1,0,3,1,0,4,1,1
79280,Upper Salford township,0,0,0,0,0,0,0,0,0,0,0,0,0,0,0,0,0,0,0,0,0,0,0,0,1,0,0,0,0,0,1,0,0,0,0,0,2,0,0,0,1,0,0,0,0,0,0,0,0,1,0,0,0,0,0,0,0,0,0,0,0,0,0,0,0,0,0,0,0,0,0,0,0,0,0,0,0,0,1,0,0,0,0,0,0,0,1,0,0,0,0,0,0,0,0,0,1,0,0,1,0,0,0,0,0,0,0,2,0,0,0,0,0,0,0,0,0,0,0,0,0,0,0,0,0,0,0,0,0,0,0,0,0,0,0,0,0,0,0
82736,West Conshohocken borough,0,0,0,0,0,0,0,0,0,0,0,0,0,0,0,0,0,0,0,0,0,0,0,0,0,0,0,0,0,0,0,0,0,1,0,0,0,1,0,0,0,0,0,0,0,0,0,1,0,0,0,0,1,0,0,0,0,0,0,2,1,0,0,0,1,0,0,0,0,0,0,0,0,0,0,0,0,0,0,0,0,0,0,0,0,0,0,0,0,0,0,0,0,0,0,0,0,0,0,0,0,0,0,0,0,0,0,0,0,0,0,0,0,0,0,0,0,0,0,0,0,0,0,0,0,0,0,0,0,1,0,0,0,0,0,0,0,0,0
83696,West Norriton township,0,0,0,0,0,0,0,0,0,0,0,0,0,1,0,0,0,0,3,1,0,0,2,1,1,0,1,0,1,0,1,0,0,1,0,0,1,2,0,1,1,1,0,1,0,2,0,1,0,3,2,2,1,5,5,3,4,2,2,4,2,1,3,0,0,4,3,4,3,4,5,3,1,8,4,1,2,3,1,1,1,2,4,3,0,1,1,4,1,1,1,1,0,1,0,1,3,1,0,0,1,0,0,2,1,0,0,1,0,1,1,1,0,0,0,0,0,0,0,0,0,0,0,0,0,0,0,0,1,0,0,0,0,0,0,1,2,1,1
83912,West Pottsgrove township,0,0,0,0,0,0,0,0,0,0,0,0,0,0,0,0,0,0,0,1,0,0,0,0,0,0,0,0,1,0,1,0,2,1,0,2,0,0,0,0,0,0,0,0,0,1,1,2,0,0,1,0,0,0,0,0,0,0,0,0,0,0,0,0,0,1,1,0,0,0,0,0,0,0,0,0,0,0,0,0,0,0,0,0,0,0,0,0,0,0,0,0,0,0,0,0,0,0,0,0,0,0,0,0,0,0,0,0,0,0,0,0,0,0,0,0,0,0,0,0,0,0,0,0,0,0,1,0,0,0,0,0,0,0,1,0,0,0,0
84624,Whitemarsh township,0,0,0,0,0,0,0,0,0,0,0,0,0,0,1,1,0,3,3,1,5,1,3,3,3,3,1,2,1,2,6,0,2,3,5,4,7,1,0,2,0,9,4,5,0,2,4,5,6,3,3,0,5,1,1,3,0,2,1,0,2,6,1,1,0,0,1,0,1,0,1,1,0,2,2,0,1,1,0,0,0,2,1,0,1,0,0,1,0,1,1,1,0,0,0,0,1,0,0,0,2,0,0,1,0,0,0,0,1,1,0,1,0,1,0,0,0,1,0,0,2,0,0,0,1,0,0,1,2,1,2,1,0,2,2,0,2,0,2
84888,Whitpain township,0,0,0,0,0,0,0,0,0,0,0,0,1,0,0,0,1,2,2,4,0,0,2,1,0,2,4,3,1,5,2,4,0,1,1,0,1,1,0,3,2,2,4,4,0,1,3,5,0,2,2,1,1,0,4,0,3,2,1,2,3,2,1,1,0,8,0,0,2,6,2,1,0,2,0,1,0,0,2,0,1,0,1,0,0,0,1,1,1,1,1,0,1,1,2,0,1,1,0,1,0,0,0,0,0,0,0,0,1,0,0,2,0,0,0,0,2,0,2,0,1,2,2,0,1,4,0,2,0,3,0,1,0,1,0,2,1,1,2
86496,Worcester township,0,0,0,0,0,0,0,0,1,0,0,2,0,0,1,2,0,1,1,1,0,2,1,0,0,0,1,1,0,2,0,0,1,0,0,2,0,0,3,1,2,1,1,0,0,1,0,0,0,1,2,0,0,0,0,0,0,0,0,0,1,1,0,0,0,0,0,0,2,0,1,0,0,1,0,3,0,0,0,0,1,2,1,1,0,1,1,1,3,0,0,0,0,1,1,1,0,0,0,1,1,0,0,2,0,1,0,0,0,1,0,0,0,2,0,0,1,0,0,0,1,1,0,1,1,0,0,0,0,1,0,0,0,0,0,2,0,2,0
